<?xml version="1.0" encoding="UTF-8"?>
<project-private xmlns="http://www.netbeans.org/ns/project-private/1">
    <editor-bookmarks xmlns="http://www.netbeans.org/ns/editor-bookmarks/2" lastBookmarkId="0"/>
    <open-files xmlns="http://www.netbeans.org/ns/projectui-open-files/2">
        <group>
            <file>file:/C:/Users/lab_services_student/Documents/NetBeansProjects/LoginApp/src/TaskManager.java</file>
            <file>file:/C:/Users/lab_services_student/Documents/NetBeansProjects/LoginApp/src/Login.java</file>
            <file>file:/C:/Users/lab_services_student/Documents/NetBeansProjects/LoginApp/test/LoginTest.java</file>
            <file>file:/C:/Users/lab_services_student/Documents/NetBeansProjects/LoginApp/test/TaskTest.java</file>
            <file>file:/C:/Users/lab_services_student/Documents/NetBeansProjects/LoginApp/src/Task.java</file>
            <file>file:/C:/Users/lab_services_student/Documents/NetBeansProjects/LoginApp/src/Main.java</file>
        </group>
    </open-files>
</project-private>
